shortcode,emoji
---,---
grin,ğŸ˜€
smile,ğŸ˜ƒ
smile_wide,ğŸ˜„
smile_very_wide,ğŸ˜
smile_closed_eyes,ğŸ˜†
smile_sweat,ğŸ˜…
sweat_smile,ğŸ˜…
smile_cry,ğŸ˜‚
smile_cry_closed_eyes,ğŸ¤£
smile_tear,ğŸ¥²
smile_pleading_tearing,ğŸ¥¹
PARSER_UNKNOWN_UNKNOWN,â˜ºï¸
smile_blush,ğŸ˜Š
smile_halo,ğŸ˜‡
smile_slight,ğŸ™‚
smile_flipped,ğŸ™ƒ
smile_wink,ğŸ˜‰
relaxed,ğŸ˜Œ
heart_eyes,ğŸ˜
loved,ğŸ¥°
kiss_heart,ğŸ˜˜
kiss,ğŸ˜—
kiss_closed_eyes,ğŸ˜™
kiss_blush,ğŸ˜š
yummy,ğŸ˜‹
delicious,ğŸ˜‹
tongue_out,ğŸ˜›
closed_eyes_tongue_out,ğŸ˜
wink_tongue_out,ğŸ˜œ
silly,ğŸ¤ª
confused,ğŸ¤¨
monicle,ğŸ§
nerd,ğŸ¤“
sunglasses,ğŸ˜
imposter,ğŸ¥¸
star_eyes,ğŸ¤©
party,ğŸ¥³
smirking,ğŸ˜
unamused,ğŸ˜’
disappointed,ğŸ˜
pensive,ğŸ˜”
frowning,ğŸ˜Ÿ
confused,ğŸ˜•
slightly_frowning,ğŸ™
frowning,â˜¹ï¸
perserve,ğŸ˜£ 
confounded,ğŸ˜–
tired,ğŸ˜«
weary,ğŸ˜©
pleading,ğŸ¥º
crying,ğŸ˜¢
loudly_crying,ğŸ˜­
sobbing,ğŸ˜­
exhailing,ğŸ˜®â€ğŸ’¨
triumph,ğŸ˜¤
steam_from_nose,ğŸ˜¤
angry,ğŸ˜ 
pouting,ğŸ˜¡
symbols_on_mouth,ğŸ¤¬
swearing,ğŸ¤¬
mind_blown,ğŸ¤¯
shocked,ğŸ¤¯
exploding_head,ğŸ¤¯
flushed,ğŸ˜³
hot,ğŸ¥µ
cold,ğŸ¥¶
screaming,ğŸ˜±
scared,ğŸ˜±
fearful,ğŸ˜¨
anxious,ğŸ˜°
sad_but_relieved,ğŸ˜¥
downcast_sweat,ğŸ˜“
peeking_eye,ğŸ«£
open_hands,ğŸ¤—
saluting,ğŸ«¡
thinking,ğŸ¤”
open_eyes_and_hand_over_mouth,ğŸ«¢
hand_over_mouth,ğŸ¤­
shushing,ğŸ¤«
lying,ğŸ¤¥
liar,ğŸ¤¥
long_nose,ğŸ¤¥
no_mouth,ğŸ˜¶
head_in_clouds,ğŸ˜¶â€ğŸŒ«ï¸
neutral,ğŸ˜
expressionless,ğŸ˜‘
grimacing,ğŸ˜¬
melting,ğŸ« 
rolling_eyes,ğŸ™„
hushed,ğŸ˜¯
frowning_mouth_open,ğŸ˜¦
anguished,ğŸ˜§
open_mouth,ğŸ˜®
astonished,ğŸ˜²
yawning,ğŸ¥±
sleeping,ğŸ˜´
drooling,ğŸ¤¤
sleepy,ğŸ˜ª
crossed-out_eyes,ğŸ˜µ
spiral_eyes,ğŸ˜µâ€ğŸ’«
dotted_line_face,ğŸ«¥
zipper_mouth,ğŸ¤
woozy,ğŸ¥´
nauseated,ğŸ¤¢
vomiting,ğŸ¤®
sneezing,ğŸ¤§
medical_mask,ğŸ˜·
taking_temperature,ğŸ¤’
face_with_thermometer,ğŸ¤’
sick,ğŸ¤’
head_bandage,ğŸ¤•
money_mouth,ğŸ¤‘
cowboy,ğŸ¤ 
devil,ğŸ˜ˆ
devil_happy,ğŸ˜ˆ
devious,ğŸ˜ˆ
devil_sad,ğŸ‘¿
ogre,ğŸ‘¹
japanese_ogre,ğŸ‘¹
jp_mask,ğŸ‘º
devil_mask,ğŸ‘º
clown,ğŸ¤¡
poop,ğŸ’©
ghost,ğŸ‘»
skull,ğŸ’€
skull_2,â˜ ï¸
alien,ğŸ‘½
pixel_alien,ğŸ‘¾
robot,ğŸ¤–
jack-o-launtern,ğŸƒ
ğŸ˜º ğŸ˜¸ ğŸ˜¹ ğŸ˜» ğŸ˜¼ ğŸ˜½ ğŸ™€ ğŸ˜¿ ğŸ˜¾ ğŸ‘‹ ğŸ¤š ğŸ– âœ‹ ğŸ–– ğŸ‘Œ ğŸ¤Œ ğŸ¤ âœŒï¸ ğŸ¤ ğŸ«° ğŸ¤Ÿ ğŸ¤˜ ğŸ¤™ ğŸ«µ ğŸ«± ğŸ«² ğŸ«³ ğŸ«´ ğŸ‘ˆ ğŸ‘‰ ğŸ‘† ğŸ–• ğŸ‘‡ â˜ï¸ ğŸ‘ ğŸ‘ âœŠ ğŸ‘Š ğŸ¤› ğŸ¤œ ğŸ‘ ğŸ«¶ ğŸ™Œ ğŸ‘ ğŸ¤² ğŸ¤ ğŸ™ âœï¸ ğŸ’… ğŸ¤³ ğŸ’ª ğŸ¦¾ ğŸ¦µ ğŸ¦¿ ğŸ¦¶ ğŸ‘£ ğŸ‘‚ ğŸ¦» ğŸ‘ƒ ğŸ«€ ğŸ« ğŸ§  ğŸ¦· ğŸ¦´ ğŸ‘€ ğŸ‘ ğŸ‘… ğŸ‘„ ğŸ«¦ ğŸ’‹ ğŸ©¸ ğŸ‘¶ ğŸ‘§ ğŸ§’ ğŸ‘¦ ğŸ‘© ğŸ§‘ ğŸ‘¨ ğŸ‘©â€ğŸ¦± ğŸ§‘â€ğŸ¦± ğŸ‘¨â€ğŸ¦± ğŸ‘©â€ğŸ¦° ğŸ§‘â€ğŸ¦° ğŸ‘¨â€ğŸ¦° ğŸ‘±â€â™€ï¸ ğŸ‘± ğŸ‘±â€â™‚ï¸ ğŸ‘©â€ğŸ¦³ ğŸ§‘â€ğŸ¦³ ğŸ‘¨â€ğŸ¦³ ğŸ‘©â€ğŸ¦² ğŸ§‘â€ğŸ¦² ğŸ‘¨â€ğŸ¦² ğŸ§”â€â™€ï¸ ğŸ§” ğŸ§”â€â™‚ï¸ ğŸ‘µ ğŸ§“ ğŸ‘´ ğŸ‘² ğŸ‘³â€â™€ï¸ ğŸ‘³ ğŸ‘³â€â™‚ï¸ ğŸ§• ğŸ‘®â€â™€ï¸ ğŸ‘® ğŸ‘®â€â™‚ï¸ ğŸ‘·â€â™€ï¸ ğŸ‘· ğŸ‘·â€â™‚ï¸ ğŸ’‚â€â™€ï¸ ğŸ’‚ ğŸ’‚â€â™‚ï¸ ğŸ•µï¸â€â™€ï¸ ğŸ•µï¸ ğŸ•µï¸â€â™‚ï¸ ğŸ‘©â€âš•ï¸ ğŸ§‘â€âš•ï¸ ğŸ‘¨â€âš•ï¸ ğŸ‘©â€ğŸŒ¾ ğŸ§‘â€ğŸŒ¾ ğŸ‘¨â€ğŸŒ¾ ğŸ‘©â€ğŸ³ ğŸ§‘â€ğŸ³ ğŸ‘¨â€ğŸ³ ğŸ‘©â€ğŸ“ ğŸ§‘â€ğŸ“ ğŸ‘¨â€ğŸ“ ğŸ‘©â€ğŸ¤ ğŸ§‘â€ğŸ¤ ğŸ‘¨â€ğŸ¤ ğŸ‘©â€ğŸ« ğŸ§‘â€ğŸ« ğŸ‘¨â€ğŸ« ğŸ‘©â€ğŸ­ ğŸ§‘â€ğŸ­ ğŸ‘¨â€ğŸ­ ğŸ‘©â€ğŸ’» ğŸ§‘â€ğŸ’» ğŸ‘¨â€ğŸ’» ğŸ‘©â€ğŸ’¼ ğŸ§‘â€ğŸ’¼ ğŸ‘¨â€ğŸ’¼ ğŸ‘©â€ğŸ”§ ğŸ§‘â€ğŸ”§ ğŸ‘¨â€ğŸ”§ ğŸ‘©â€ğŸ”¬ ğŸ§‘â€ğŸ”¬ ğŸ‘¨â€ğŸ”¬ ğŸ‘©â€ğŸ¨ ğŸ§‘â€ğŸ¨ ğŸ‘¨â€ğŸ¨ ğŸ‘©â€ğŸš’ ğŸ§‘â€ğŸš’ ğŸ‘¨â€ğŸš’ ğŸ‘©â€âœˆï¸ ğŸ§‘â€âœˆï¸ ğŸ‘¨â€âœˆï¸ ğŸ‘©â€ğŸš€ ğŸ§‘â€ğŸš€ ğŸ‘¨â€ğŸš€ ğŸ‘©â€âš–ï¸ ğŸ§‘â€âš–ï¸ ğŸ‘¨â€âš–ï¸ ğŸ‘°â€â™€ï¸ ğŸ‘° ğŸ‘°â€â™‚ï¸ ğŸ¤µâ€â™€ï¸ ğŸ¤µ ğŸ¤µâ€â™‚ï¸ ğŸ‘¸ ğŸ«… ğŸ¤´ ğŸ¥· ğŸ¦¸â€â™€ï¸ ğŸ¦¸ ğŸ¦¸â€â™‚ï¸ ğŸ¦¹â€â™€ï¸ ğŸ¦¹ ğŸ¦¹â€â™‚ï¸ ğŸ¤¶ ğŸ§‘â€ğŸ„ ğŸ… ğŸ§™â€â™€ï¸ ğŸ§™ ğŸ§™â€â™‚ï¸ ğŸ§â€â™€ï¸ ğŸ§ ğŸ§â€â™‚ï¸ ğŸ§›â€â™€ï¸ ğŸ§› ğŸ§›â€â™‚ï¸ ğŸ§Ÿâ€â™€ï¸ ğŸ§Ÿ ğŸ§Ÿâ€â™‚ï¸ ğŸ§â€â™€ï¸ ğŸ§ ğŸ§â€â™‚ï¸ ğŸ§œâ€â™€ï¸ ğŸ§œ ğŸ§œâ€â™‚ï¸ ğŸ§šâ€â™€ï¸ ğŸ§š ğŸ§šâ€â™‚ï¸ ğŸ§Œ ğŸ‘¼ ğŸ¤° ğŸ«„ ğŸ«ƒ ğŸ¤± ğŸ‘©â€ğŸ¼ ğŸ§‘â€ğŸ¼ ğŸ‘¨â€ğŸ¼ ğŸ™‡â€â™€ï¸ ğŸ™‡ ğŸ™‡â€â™‚ï¸ ğŸ’â€â™€ï¸ ğŸ’ ğŸ’â€â™‚ï¸ ğŸ™…â€â™€ï¸ ğŸ™… ğŸ™…â€â™‚ï¸ ğŸ™†â€â™€ï¸ ğŸ™† ğŸ™†â€â™‚ï¸ ğŸ™‹â€â™€ï¸ ğŸ™‹ ğŸ™‹â€â™‚ï¸ ğŸ§â€â™€ï¸ ğŸ§ ğŸ§â€â™‚ï¸ ğŸ¤¦â€â™€ï¸ ğŸ¤¦ ğŸ¤¦â€â™‚ï¸ ğŸ¤·â€â™€ï¸ ğŸ¤· ğŸ¤·â€â™‚ï¸ ğŸ™â€â™€ï¸ ğŸ™ ğŸ™â€â™‚ï¸ ğŸ™â€â™€ï¸ ğŸ™ ğŸ™â€â™‚ï¸ ğŸ’‡â€â™€ï¸ ğŸ’‡ ğŸ’‡â€â™‚ï¸ ğŸ’†â€â™€ï¸ ğŸ’† ğŸ’†â€â™‚ï¸ ğŸ§–â€â™€ï¸ ğŸ§– ğŸ§–â€â™‚ï¸ ğŸ’… ğŸ¤³ ğŸ’ƒ ğŸ•º ğŸ‘¯â€â™€ï¸ ğŸ‘¯ ğŸ‘¯â€â™‚ï¸ ğŸ•´ ğŸ‘©â€ğŸ¦½ ğŸ§‘â€ğŸ¦½ ğŸ‘¨â€ğŸ¦½ ğŸ‘©â€ğŸ¦¼ ğŸ§‘â€ğŸ¦¼ ğŸ‘¨â€ğŸ¦¼ ğŸš¶â€â™€ï¸ ğŸš¶ ğŸš¶â€â™‚ï¸ ğŸ‘©â€ğŸ¦¯ ğŸ§‘â€ğŸ¦¯ ğŸ‘¨â€ğŸ¦¯ ğŸ§â€â™€ï¸ ğŸ§ ğŸ§â€â™‚ï¸ ğŸƒâ€â™€ï¸ ğŸƒ ğŸƒâ€â™‚ï¸ ğŸ§â€â™€ï¸ ğŸ§ ğŸ§â€â™‚ï¸ ğŸ‘­ ğŸ§‘â€ğŸ¤â€ğŸ§‘ ğŸ‘¬ ğŸ‘« ğŸ‘©â€â¤ï¸â€ğŸ‘© ğŸ’‘ ğŸ‘¨â€â¤ï¸â€ğŸ‘¨ ğŸ‘©â€â¤ï¸â€ğŸ‘¨ ğŸ‘©â€â¤ï¸â€ğŸ’‹â€ğŸ‘© ğŸ’ ğŸ‘¨â€â¤ï¸â€ğŸ’‹â€ğŸ‘¨ ğŸ‘©â€â¤ï¸â€ğŸ’‹â€ğŸ‘¨ ğŸ‘ª ğŸ‘¨â€ğŸ‘©â€ğŸ‘¦ ğŸ‘¨â€ğŸ‘©â€ğŸ‘§ ğŸ‘¨â€ğŸ‘©â€ğŸ‘§â€ğŸ‘¦ ğŸ‘¨â€ğŸ‘©â€ğŸ‘¦â€ğŸ‘¦ ğŸ‘¨â€ğŸ‘©â€ğŸ‘§â€ğŸ‘§ ğŸ‘¨â€ğŸ‘¨â€ğŸ‘¦ ğŸ‘¨â€ğŸ‘¨â€ğŸ‘§ ğŸ‘¨â€ğŸ‘¨â€ğŸ‘§â€ğŸ‘¦ ğŸ‘¨â€ğŸ‘¨â€ğŸ‘¦â€ğŸ‘¦ ğŸ‘¨â€ğŸ‘¨â€ğŸ‘§â€ğŸ‘§ ğŸ‘©â€ğŸ‘©â€ğŸ‘¦ ğŸ‘©â€ğŸ‘©â€ğŸ‘§ ğŸ‘©â€ğŸ‘©â€ğŸ‘§â€ğŸ‘¦ ğŸ‘©â€ğŸ‘©â€ğŸ‘¦â€ğŸ‘¦ ğŸ‘©â€ğŸ‘©â€ğŸ‘§â€ğŸ‘§ ğŸ‘¨â€ğŸ‘¦ ğŸ‘¨â€ğŸ‘¦â€ğŸ‘¦ ğŸ‘¨â€ğŸ‘§ ğŸ‘¨â€ğŸ‘§â€ğŸ‘¦ ğŸ‘¨â€ğŸ‘§â€ğŸ‘§ ğŸ‘©â€ğŸ‘¦ ğŸ‘©â€ğŸ‘¦â€ğŸ‘¦ ğŸ‘©â€ğŸ‘§ ğŸ‘©â€ğŸ‘§â€ğŸ‘¦ ğŸ‘©â€ğŸ‘§â€ğŸ‘§ ğŸ—£ ğŸ‘¤ ğŸ‘¥ ğŸ«‚ ğŸ§³ ğŸŒ‚ â˜‚ï¸ ğŸ§µ ğŸª¡ ğŸª¢ ğŸ§¶ ğŸ‘“ ğŸ•¶ ğŸ¥½ ğŸ¥¼ ğŸ¦º ğŸ‘” ğŸ‘• ğŸ‘– ğŸ§£ ğŸ§¤ ğŸ§¥ ğŸ§¦ ğŸ‘— ğŸ‘˜ ğŸ¥» ğŸ©´ ğŸ©± ğŸ©² ğŸ©³ ğŸ‘™ ğŸ‘š ğŸ‘› ğŸ‘œ ğŸ‘ ğŸ’ ğŸ‘ ğŸ‘Ÿ ğŸ¥¾ ğŸ¥¿ ğŸ‘  ğŸ‘¡ ğŸ©° ğŸ‘¢ ğŸ‘‘ ğŸ‘’ ğŸ© ğŸ“ ğŸ§¢ â›‘ ğŸª– ğŸ’„ ğŸ’ ğŸ’¼ ğŸ¶ ğŸ± ğŸ­ ğŸ¹ ğŸ° ğŸ¦Š ğŸ» ğŸ¼ ğŸ»â€â„ï¸ ğŸ¨ ğŸ¯ ğŸ¦ ğŸ® ğŸ· ğŸ½ ğŸ¸ ğŸµ ğŸ™ˆ ğŸ™‰ ğŸ™Š ğŸ’ ğŸ” ğŸ§ ğŸ¦ ğŸ¤ ğŸ£ ğŸ¥ ğŸ¦† ğŸ¦… ğŸ¦‰ ğŸ¦‡ ğŸº ğŸ— ğŸ´ ğŸ¦„ ğŸ ğŸª± ğŸ› ğŸ¦‹ ğŸŒ ğŸ ğŸœ ğŸª° ğŸª² ğŸª³ ğŸ¦Ÿ ğŸ¦— ğŸ•· ğŸ•¸ ğŸ¦‚ ğŸ¢ ğŸ ğŸ¦ ğŸ¦– ğŸ¦• ğŸ™ ğŸ¦‘ ğŸ¦ ğŸ¦ ğŸ¦€ ğŸª¸ ğŸ¡ ğŸ  ğŸŸ ğŸ¬ ğŸ³ ğŸ‹ ğŸ¦ˆ ğŸŠ ğŸ… ğŸ† ğŸ¦“ ğŸ¦ ğŸ¦§ ğŸ¦£ ğŸ˜ ğŸ¦› ğŸ¦ ğŸª ğŸ« ğŸ¦’ ğŸ¦˜ ğŸ¦¬ ğŸƒ ğŸ‚ ğŸ„ ğŸ ğŸ– ğŸ ğŸ‘ ğŸ¦™ ğŸ ğŸ¦Œ ğŸ• ğŸ© ğŸ¦® ğŸ•â€ğŸ¦º ğŸˆ ğŸˆâ€â¬› ğŸª¶ ğŸ“ ğŸ¦ƒ ğŸ¦¤ ğŸ¦š ğŸ¦œ ğŸ¦¢ ğŸ¦© ğŸ•Š ğŸ‡ ğŸ¦ ğŸ¦¨ ğŸ¦¡ ğŸ¦« ğŸ¦¦ ğŸ¦¥ ğŸ ğŸ€ ğŸ¿ ğŸ¦” ğŸ¾ ğŸ‰ ğŸ² ğŸŒµ ğŸ„ ğŸŒ² ğŸŒ³ ğŸŒ´ ğŸª¹ ğŸªº ğŸªµ ğŸŒ± ğŸŒ¿ â˜˜ï¸ ğŸ€ ğŸ ğŸª´ ğŸ‹ ğŸƒ ğŸ‚ ğŸ ğŸ„ ğŸš ğŸª¨ ğŸŒ¾ ğŸ’ ğŸŒ· ğŸª· ğŸŒ¹ ğŸ¥€ ğŸŒº ğŸŒ¸ ğŸŒ¼ ğŸŒ» ğŸŒ ğŸŒ ğŸŒ› ğŸŒœ ğŸŒš ğŸŒ• ğŸŒ– ğŸŒ— ğŸŒ˜ ğŸŒ‘ ğŸŒ’ ğŸŒ“ ğŸŒ” ğŸŒ™ ğŸŒ ğŸŒ ğŸŒ ğŸª 

dizzy,ğŸ’«
orbit,ğŸ’«
orbit_star,ğŸ’«
star,â­ï¸
star_shine,ğŸŒŸ
sparkles,âœ¨
lightning,âš¡ï¸
comet,â˜„ï¸
blast,ğŸ’¥
fire,ğŸ”¥
cloud_lightning,ğŸŒª
rainbow,ğŸŒˆ
sun,â˜€ï¸
sun_cloud_2,ğŸŒ¤
sun_cloud,â›…ï¸
sun_blocked,ğŸŒ¥
small_cloud,â˜ï¸
sun_blocked_cloud_rain,ğŸŒ¦
rain_cloud,ğŸŒ§
raincloud,ğŸŒ§
thunder_cloud_2,â›ˆ
thunder_cloud,ğŸŒ©
heavy_rain_cloud,ğŸŒ¨
snowflake,â„ï¸
snowman_2,â˜ƒï¸
snowman,â›„ï¸
un_89,ğŸŒ¬
wind_burst,ğŸ’¨
rain_drop,ğŸ’§
drop,ğŸ’§
water_drop,ğŸ’§
drops,ğŸ’¦
bubbles,ğŸ«§
rain_umbrellea,â˜”ï¸
umbrella,â˜‚ï¸
wave,ğŸŒŠ
un_99,ğŸŒ«
green_apple,ğŸ
red_apple,ğŸ
apple,ğŸ
pear,ğŸ
orange,ğŸŠ
lemmon,ğŸ‹
bananna,ğŸŒ
watermelon,ğŸ‰
grape,ğŸ‡
strawberry,ğŸ“
blueberry,ğŸ«
melon,ğŸˆ
cherry,ğŸ’
peach,ğŸ‘
mango,ğŸ¥­
pineapple,ğŸ
coconut,ğŸ¥¥
kiwi,ğŸ¥
tomato,ğŸ…
eggplant,ğŸ†
avocado,ğŸ¥‘
broccoli,ğŸ¥¦
lettuce,ğŸ¥¬
cucumber,ğŸ¥’
hot_pepper,ğŸŒ¶
jalapeno,ğŸŒ¶
pepper,ğŸ«‘
corn,ğŸŒ½
carrot,ğŸ¥•
olive,ğŸ«’
gralic,ğŸ§„
onion,ğŸ§…
potato,ğŸ¥”
sweet_potato,ğŸ 
beans,ğŸ«˜
croissant,ğŸ¥
bagel,ğŸ¥¯
bread,ğŸ
bauguette,ğŸ¥–
pretzel,ğŸ¥¨
cheese,ğŸ§€
egg,ğŸ¥š
fried_egg,ğŸ³
butter,ğŸ§ˆ
pancakes,ğŸ¥
waffles,ğŸ§‡
bacon,ğŸ¥“
steak,ğŸ¥©
chicken_wing,ğŸ—
meat_on_bone,ğŸ–
bone,ğŸ¦´
hotdog,ğŸŒ­
hot_dog,ğŸŒ­
burgur,ğŸ”
fries,ğŸŸ
pizza,ğŸ•
flatbread,ğŸ«“
sandwich,ğŸ¥ª
sandvich,ğŸ¥ª
stuffed_flatbread,ğŸ¥™
falafel,ğŸ§†
soft_taco,ğŸŒ®
burrito,ğŸŒ¯
tamale,ğŸ«”
salad,ğŸ¥—
top_cooking_pot,ğŸ¥˜
shallow_pan_of_food,ğŸ¥˜
stew,ğŸ¥˜
fondue,ğŸ«•
tomato_can,ğŸ¥«
spaghetti,ğŸ
ramen,ğŸœ
cooking_pot,ğŸ²
currey_and_rice,ğŸ›
sushi,ğŸ£
bento,ğŸ±
dumpling,ğŸ¥Ÿ
oyster,ğŸ¦ª
shrimp,ğŸ¤
rice_ball,ğŸ™
rice_bowl,ğŸš
rice_cracker,ğŸ˜
fish_cake,ğŸ¥
fortune_cookies,ğŸ¥ 
moon_cakes,ğŸ¥®
oden,ğŸ¢
dango,ğŸ¡
shaved_ice,ğŸ§
ice_cream_scoup,ğŸ¨
ice_cream_bowl,ğŸ¨
ice_cream_cone,ğŸ¦
ice_cream_swirl,ğŸ¦
pie,ğŸ¥§
cupcake,ğŸ§
cake,ğŸ°
birthday_cake,ğŸ‚
candle_cake,ğŸ‚
custard,ğŸ®
lolipop,ğŸ­
candy,ğŸ¬
chocolate,ğŸ«
popcorn,ğŸ¿
donut,ğŸ©
cookie,ğŸª
chestnut,ğŸŒ°
peanutğŸ¥œ
honey,ğŸ¯
milk,ğŸ¥›
baby_bottle,ğŸ¼
teapot,ğŸ«–
teacup_2,â˜•ï¸
teacup,ğŸµ
juice_box,ğŸ§ƒ
cup,ğŸ¥¤
boba,ğŸ§‹
jar,ğŸ«™
sake,ğŸ¶
beer,ğŸº
toast_beer,ğŸ»
beer_clank,ğŸ»
toast_wine,ğŸ¥‚
wine,ğŸ·
pour,ğŸ«—
pouring,ğŸ«—
tumbler,ğŸ¥ƒ
cocktail,ğŸ¸
tropical_drink,ğŸ¹
coconut_drink,ğŸ§‰
popping_cork,ğŸ¾
ice,ğŸ§Š
ice_cube,ğŸ§Š
spoon,ğŸ¥„
cutlery,ğŸ´
set_table,ğŸ½
bowl,ğŸ¥£
takeout_box,ğŸ¥¡
chopsticks,ğŸ¥¢
salt,ğŸ§‚
socker_ball,âš½ï¸
football,âš½ï¸
basket_ball,ğŸ€
grid_iron_football,ğŸˆ
american_football,ğŸˆ
pigskin,ğŸˆ
baseball,âš¾ï¸
tennis_ball,ğŸ¥
tennis,ğŸ¾
tennis_racquet,ğŸ¾
vollyball,ğŸ
rugby,ğŸ‰
rugby_ball,ğŸ‰
frisbee,ğŸ¥
eight_ball,ğŸ±
yoyo,ğŸª€
ping_pong,ğŸ“
paddle,ğŸ“
ping,ğŸ“
pong,ğŸ“
badminton,ğŸ¸
hockey_stick,ğŸ’
golf_club,ğŸ‘
lacrosse,ğŸ¥
cricket,ğŸ
boomerang,ğŸªƒ
net,ğŸ¥…
golf,â›³ï¸
kye,ğŸª
bow,ğŸ¹
bow_and_arrow,ğŸ¹
fishing_rod,ğŸ£
snorkel,ğŸ¤¿
boxing,ğŸ¥Š
boxing_glove,ğŸ¥Š
gi,ğŸ¥‹
karate,ğŸ¥‹
kung-fu,ğŸ¥‹
ju-jitsu,ğŸ¥‹
kickboxing,ğŸ¥‹
matial_arts,ğŸ¥‹
tank_top,ğŸ½
skateboard,ğŸ›¹
rollar_skate,ğŸ›¼
sled,ğŸ›·
ice_skate,â›¸
curling,ğŸ¥Œ
curling_stone,ğŸ¥Œ
ski,ğŸ¿
ski_2,â›·
snowboard,ğŸ‚
paracute,ğŸª‚
womman_weightlifting,ğŸ‹ï¸
person_weightlifting,ğŸ‹ï¸
weightlifting,ğŸ‹ï¸
man_weightlifting,ğŸ‹ï¸â€â™‚ï¸
women_wrestleing,ğŸ¤¼â€â™€ï¸
people_wrestleing,ğŸ¤¼
wrestleing,ğŸ¤¼
men_wrestling,ğŸ¤¼â€â™‚ï¸
womman_cartwheel,ğŸ¤¸â€â™€ï¸
person_cartwheel,ğŸ¤¸
cartwheel,ğŸ¤¸
man_cartwheel,ğŸ¤¸â€â™‚ï¸
womman_basketball,â›¹ï¸â€â™€ï¸
womman_dribble,â›¹ï¸â€â™€ï¸
person_basketball,â›¹ï¸
basketball,â›¹ï¸
person_dribble,â›¹ï¸
dribble,â›¹ï¸
man_basketball,â›¹ï¸â€â™‚ï¸
man_dribble,â›¹ï¸â€â™‚ï¸
fencing,ğŸ¤º
womman_handball,ğŸ¤¾â€â™€ï¸
person_handball,ğŸ¤¾
handball,ğŸ¤¾
man_handball,ğŸ¤¾â€â™‚ï¸
womman_golf,ğŸŒï¸â€â™€ï¸
person_golf,ğŸŒï¸
man_golf,ğŸŒï¸â€â™‚ï¸
horse_riding,ğŸ‡
womman_meditate,ğŸ§˜â€â™€ï¸
person_meditate,ğŸ§˜
meditate,ğŸ§˜
man_meditate,ğŸ§˜â€â™‚ï¸
womman_surf,ğŸ„â€â™€ï¸
person_surf,ğŸ„
surf,ğŸ„
man_surf,ğŸ„â€â™‚ï¸
womman_swim,ğŸŠâ€â™€ï¸
person_swim,ğŸŠ
swim,ğŸŠ
man_swim,ğŸŠâ€â™‚ï¸
womman_water_polo,ğŸ¤½â€â™€ï¸
person_water_polo,ğŸ¤½
water_polo,ğŸ¤½
man_water_polo,ğŸ¤½â€â™‚ï¸
womman_row,ğŸš£â€â™€ï¸
person_row,ğŸš£
row,ğŸš£
man_row,ğŸš£â€â™‚ï¸
womman_climb,ğŸ§—â€â™€ï¸
person_climb,ğŸ§—
climb,ğŸ§—
man_climb,ğŸ§—â€â™‚ï¸
womman_mountian_bike,ğŸšµâ€â™€ï¸
person_mountian_bike,ğŸšµ
mountian_bike,ğŸšµ
man_mountian_bike,ğŸšµâ€â™‚ï¸
womman_biking,ğŸš´â€â™€ï¸
person_biking,ğŸš´
biking,ğŸš´
man_biking,ğŸš´â€â™‚ï¸
trophy,ğŸ†
medal_first,ğŸ¥‡
medal_gold,ğŸ¥‡
medal_seccond,ğŸ¥ˆ
medal_silver,ğŸ¥ˆ
medal_third,ğŸ¥‰
medal_bronze,ğŸ¥‰
medal_star,ğŸ…
military_medal,ğŸ–
rosette,ğŸµ
reminder_ribbon,ğŸ—
ticket,ğŸ«
tickets,ğŸŸ
circus_tent,ğŸª
person_juggling,ğŸ¤¹
juggling,ğŸ¤¹
man_juggling,ğŸ¤¹â€â™‚ï¸
womman_juggling,ğŸ¤¹â€â™€ï¸
drama,ğŸ­
theature,ğŸ­
theature_masks,ğŸ­
ballet,ğŸ©°
ballet_shoes,ğŸ©°
art,ğŸ¨
pellete,ğŸ¨
clapperboard,ğŸ¬
mic,ğŸ¤
microphone,ğŸ¤
headphones,ğŸ§
trebbleclef,ğŸ¼
music,ğŸ¼
sheet_music,ğŸ¼
piano,ğŸ¹
keyboard,ğŸ¹
drum_with_drumsticks,ğŸ¥
drum,ğŸª˜
saxaphone,ğŸ·
trumpet,ğŸº
accordian,ğŸª—
electric_guitar,ğŸ¸
guitar,ğŸ¸
banjo,ğŸª•
violin,ğŸ»
dice,ğŸ²
pawn,â™Ÿ
target,ğŸ¯
bowling,ğŸ³
controller,ğŸ®
video_games,ğŸ®
slot_machine,ğŸ°
puzzle_piece,ğŸ§©
car,ğŸš—
taxi,ğŸš•
car_2,ğŸš™
bus,ğŸšŒ
streetcar,ğŸš
racecar,ğŸ
police_car,ğŸš“
ambulance,ğŸš‘
firetruck,ğŸš’
minivan,ğŸš
pickup_truck,ğŸ›»
cargo_truck,ğŸšš
cargo_truck_2,ğŸš›
tractor,ğŸšœ
probing_caneğŸ¦¯
wheelchair,ğŸ¦½
manual_wheelchair,ğŸ¦½
motor_chair,ğŸ¦¼
auto_wheelchair,ğŸ¦¼
scooter,ğŸ›´
bike,ğŸš²
electric_scooter,ğŸ›µ
un_421,ğŸ
auto_rickshaw,ğŸ›º
siren,ğŸš¨
red_light,ğŸš¨
police_car_facing,ğŸš”
bus_facing,ğŸš
car_facing,ğŸš˜
taxi_facing,ğŸš–
wheel,ğŸ›
gondula_small,ğŸš¡
gondula,ğŸš 
ğŸšŸ ğŸšƒ ğŸš‹ ğŸš ğŸš ğŸš„ ğŸš… ğŸšˆ ğŸš‚ ğŸš† ğŸš‡ ğŸšŠ ğŸš‰ âœˆï¸ ğŸ›« ğŸ›¬ ğŸ›© ğŸ’º ğŸ›° ğŸš€ ğŸ›¸ ğŸš ğŸ›¶ â›µï¸ ğŸš¤ ğŸ›¥ ğŸ›³ â›´ ğŸš¢ âš“ï¸ ğŸ›Ÿ ğŸª â›½ï¸ ğŸš§ ğŸš¦ ğŸš¥ ğŸš ğŸ—º ğŸ—¿ ğŸ—½ ğŸ—¼ ğŸ° ğŸ¯ ğŸŸ ğŸ¡ ğŸ¢ ğŸ› ğŸ  â›²ï¸ â›± ğŸ– ğŸ ğŸœ ğŸŒ‹ â›° ğŸ” ğŸ—» ğŸ• â›ºï¸ ğŸ›– ğŸ  ğŸ¡ ğŸ˜ ğŸš ğŸ— ğŸ­ ğŸ¢ ğŸ¬ ğŸ£ ğŸ¤ ğŸ¥ ğŸ¦ ğŸ¨ ğŸª ğŸ« ğŸ© ğŸ’’ ğŸ› â›ªï¸ ğŸ•Œ ğŸ• ğŸ›• ğŸ•‹ â›© ğŸ›¤ ğŸ›£ ğŸ—¾ ğŸ‘ ğŸ ğŸŒ… ğŸŒ„ ğŸŒ  ğŸ‡ ğŸ† ğŸŒ‡ ğŸŒ† ğŸ™ ğŸŒƒ ğŸŒŒ ğŸŒ‰ ğŸŒ âŒšï¸ ğŸ“± ğŸ“² ğŸ’» âŒ¨ï¸ ğŸ–¥ ğŸ–¨ ğŸ–± ğŸ–² ğŸ•¹ ğŸ—œ ğŸ’½ ğŸ’¾ ğŸ’¿ ğŸ“€ ğŸ“¼ ğŸ“· ğŸ“¸ ğŸ“¹ ğŸ¥ ğŸ“½ ğŸ ğŸ“ â˜ï¸ ğŸ“Ÿ ğŸ“  ğŸ“º ğŸ“» ğŸ™ ğŸš ğŸ› ğŸ§­ â± â² â° ğŸ•° âŒ›ï¸ â³ ğŸ“¡ ğŸ”‹ ğŸª« ğŸ”Œ ğŸ’¡ ğŸ”¦ ğŸ•¯ ğŸª” ğŸ§¯ ğŸ›¢ ğŸ’¸ ğŸ’µ ğŸ’´ ğŸ’¶ ğŸ’· ğŸª™ ğŸ’° ğŸ’³ ğŸ’ âš–ï¸ ğŸªœ ğŸ§° ğŸª› ğŸ”§ ğŸ”¨ âš’ ğŸ›  â› ğŸªš ğŸ”© âš™ï¸ ğŸª¤ ğŸ§± â›“ ğŸ§² ğŸ”« ğŸ’£ ğŸ§¨ ğŸª“ ğŸ”ª ğŸ—¡ âš”ï¸ ğŸ›¡ ğŸš¬ âš°ï¸ ğŸª¦ âš±ï¸ ğŸº ğŸ”® ğŸ“¿ ğŸ§¿ ğŸª¬ ğŸ’ˆ âš—ï¸ ğŸ”­ ğŸ”¬ ğŸ•³ ğŸ©¹ ğŸ©º ğŸ©» ğŸ©¼ ğŸ’Š ğŸ’‰ ğŸ©¸ ğŸ§¬ ğŸ¦  ğŸ§« ğŸ§ª ğŸŒ¡ ğŸ§¹ ğŸª  ğŸ§º ğŸ§» ğŸš½ ğŸš° ğŸš¿ ğŸ› ğŸ›€ ğŸ§¼ ğŸª¥ ğŸª’ ğŸ§½ ğŸª£ ğŸ§´ ğŸ› ğŸ”‘ ğŸ— ğŸšª ğŸª‘ ğŸ›‹ ğŸ› ğŸ›Œ ğŸ§¸ ğŸª† ğŸ–¼ ğŸª ğŸªŸ ğŸ› ğŸ›’ ğŸ ğŸˆ ğŸ ğŸ€ ğŸª„ ğŸª… ğŸŠ ğŸ‰ ğŸª© ğŸ ğŸ® ğŸ ğŸ§§ âœ‰ï¸ ğŸ“© ğŸ“¨ ğŸ“§ ğŸ’Œ ğŸ“¥ ğŸ“¤ ğŸ“¦ ğŸ· ğŸª§ ğŸ“ª ğŸ“« ğŸ“¬ ğŸ“­ ğŸ“® ğŸ“¯ ğŸ“œ ğŸ“ƒ ğŸ“„ ğŸ“‘ ğŸ§¾ ğŸ“Š ğŸ“ˆ ğŸ“‰ ğŸ—’ ğŸ—“ ğŸ“† ğŸ“… ğŸ—‘ ğŸªª ğŸ“‡ ğŸ—ƒ ğŸ—³ ğŸ—„ ğŸ“‹ ğŸ“ ğŸ“‚ ğŸ—‚ ğŸ— ğŸ“° ğŸ““ ğŸ“” ğŸ“’ ğŸ“• ğŸ“— ğŸ“˜ ğŸ“™ ğŸ“š ğŸ“– ğŸ”– ğŸ§· ğŸ”— ğŸ“ ğŸ–‡ ğŸ“ ğŸ“ ğŸ§® ğŸ“Œ ğŸ“ âœ‚ï¸ ğŸ–Š ğŸ–‹ âœ’ï¸ ğŸ–Œ ğŸ– ğŸ“ âœï¸ ğŸ” ğŸ” ğŸ” ğŸ” ğŸ”’ ğŸ”“ â¤ï¸ ğŸ§¡ ğŸ’› ğŸ’š ğŸ’™ ğŸ’œ ğŸ–¤ ğŸ¤ ğŸ¤ â¤ï¸â€ğŸ”¥ â¤ï¸â€ğŸ©¹ ğŸ’” â£ï¸ ğŸ’• ğŸ’ ğŸ’“ ğŸ’— ğŸ’– ğŸ’˜ ğŸ’ ğŸ’Ÿ â˜®ï¸ âœï¸ â˜ªï¸ ğŸ•‰ â˜¸ï¸ âœ¡ï¸ ğŸ”¯ ğŸ• â˜¯ï¸ â˜¦ï¸ ğŸ› â› â™ˆï¸ â™‰ï¸ â™Šï¸ â™‹ï¸ â™Œï¸ â™ï¸ â™ï¸ â™ï¸ â™ï¸ â™‘ï¸ â™’ï¸ â™“ï¸ ğŸ†” âš›ï¸ ğŸ‰‘ â˜¢ï¸ â˜£ï¸ ğŸ“´ ğŸ“³ ğŸˆ¶ ğŸˆšï¸ ğŸˆ¸ ğŸˆº ğŸˆ·ï¸ âœ´ï¸ ğŸ†š ğŸ’® ğŸ‰ ãŠ™ï¸ ãŠ—ï¸ ğŸˆ´ ğŸˆµ ğŸˆ¹ ğŸˆ² ğŸ…°ï¸ ğŸ…±ï¸ ğŸ† ğŸ†‘ ğŸ…¾ï¸ ğŸ†˜ âŒ â­•ï¸ ğŸ›‘ â›”ï¸ ğŸ“› ğŸš« ğŸ’¯ ğŸ’¢ â™¨ï¸ ğŸš· ğŸš¯ ğŸš³ ğŸš± ğŸ” ğŸ“µ ğŸš­ â—ï¸ â• â“ â” â€¼ï¸ â‰ï¸ ğŸ”… ğŸ”† ã€½ï¸ âš ï¸ ğŸš¸ ğŸ”± âšœï¸ ğŸ”° â™»ï¸ âœ… ğŸˆ¯ï¸ ğŸ’¹ â‡ï¸ âœ³ï¸ â ğŸŒ ğŸ’  â“‚ï¸ ğŸŒ€ ğŸ’¤ ğŸ§ ğŸš¾ â™¿ï¸ ğŸ…¿ï¸ ğŸ›— ğŸˆ³ ğŸˆ‚ï¸ ğŸ›‚ ğŸ›ƒ ğŸ›„ ğŸ›… ğŸš¹ ğŸšº ğŸš¼ âš§ ğŸš» ğŸš® ğŸ¦ ğŸ“¶ ğŸˆ ğŸ”£ 
i,â„¹ï¸
info,â„¹ï¸
abc,ğŸ”¤
letters,ğŸ”¤
abcd,ğŸ”¡
lower_letters,ğŸ”¡
ABCD,ğŸ” 
upper_letters,ğŸ” 
ng,ğŸ†–
ok,ğŸ†—
up,ğŸ†™
up!,ğŸ†™
cool,ğŸ†’
new,ğŸ†•
free,ğŸ†“
0,0ï¸âƒ£
1,1ï¸âƒ£
2,2ï¸âƒ£
3,3ï¸âƒ£
4,4ï¸âƒ£
5,5ï¸âƒ£
6,6ï¸âƒ£
7,7ï¸âƒ£
8,8ï¸âƒ£
9,9ï¸âƒ£
10,ğŸ”Ÿ
1234,ğŸ”¢
numbers,ğŸ”¢
#,#ï¸âƒ£
hash,#ï¸âƒ£
*,*ï¸âƒ£
asterisk,*ï¸âƒ£
âï¸ â–¶ï¸ â¸ â¯ â¹ âº â­ â® â© âª â« â¬ â—€ï¸ ğŸ”¼ ğŸ”½ â¡ï¸ â¬…ï¸ â¬†ï¸ â¬‡ï¸ â†—ï¸ â†˜ï¸ â†™ï¸ â†–ï¸ â†•ï¸ â†”ï¸ â†ªï¸ â†©ï¸ â¤´ï¸ â¤µï¸ ğŸ”€ ğŸ” ğŸ”‚ ğŸ”„ ğŸ”ƒ ğŸµ ğŸ¶ 
add,â•
plus,â•
subtract,â–
minus,â–
devide,â—
multiply,âœ–ï¸
times,âœ–ï¸
sum,ğŸŸ°
equals,ğŸŸ°
inf,â™¾
infinity,â™¾
endless,â™¾
dollar,ğŸ’²
currency_exchange,ğŸ’±
tm,â„¢ï¸
trademark,â„¢ï¸
copy,Â©ï¸
registered,Â®ï¸
un_113ã€°ï¸
un_114,â°
un_115,â¿
end,ğŸ”š
back,ğŸ”™
on,ğŸ”›
top,ğŸ”
soon,ğŸ”œ
check,âœ”ï¸
box_check,â˜‘ï¸
radio_button,ğŸ”˜
red_circle,ğŸ”´
orange_circle,ğŸŸ 
yellow_circle,ğŸŸ¡
green_circle,ğŸŸ¢
blue_circle,ğŸ”µ
violet_circle,ğŸŸ£
black_circle,âš«ï¸
white_circle,âšªï¸
brown_circle,ğŸŸ¤
red_arrow_up,ğŸ”º
red_arrow_down,ğŸ”»
small_orange_diamond,ğŸ”¸
small_blue_diamond,ğŸ”¹
large_orange_diamond,ğŸ”¶
large_blue_diamond,ğŸ”·
black_with_white_outline,ğŸ”³
white_with_black_outline,ğŸ”²
un_141,â–ªï¸
un_142,â–«ï¸
un_143,â—¾ï¸
un_144,â—½ï¸
un_145,â—¼ï¸
un_146,â—»ï¸
red_square,ğŸŸ¥
orange_square,ğŸŸ§
yellow_square,ğŸŸ¨
green_square,ğŸŸ©
blue_square,ğŸŸ¦
violet_square,ğŸŸª
black_square,â¬›ï¸
white_square,â¬œï¸
brown_square,ğŸŸ«
speaker,ğŸ”ˆ
speaker_off,ğŸ”‡
speaker_low,ğŸ”‰
speaker_loud,ğŸ”Š
bell,ğŸ””
bell_off,ğŸ”•
megaphone,ğŸ“£
megaphone_2,ğŸ“¢
eye_speech_bubble,ğŸ‘â€ğŸ—¨
speec_bubble,ğŸ’¬
thought_bubble,ğŸ’­
shout_bubble,ğŸ—¯
spade,â™ ï¸
club,â™£ï¸
heart,â™¥ï¸
diamond,â™¦ï¸
joker,ğŸƒ
sunrise_kingdom,ğŸ´
mahjong,ğŸ€„ï¸
time_0100,ğŸ•
time_0200,ğŸ•‘
time_0300,ğŸ•’
time_0400,ğŸ•“
time_0500,ğŸ•”
time_0600,ğŸ••
time_0700,ğŸ•–
time_0800,ğŸ•—
time_0900,ğŸ•˜
time_1000,ğŸ•™
time_1100,ğŸ•š
time_1200,ğŸ•›
time_0230,ğŸ•
time_0330,ğŸ•
time_0430,ğŸ•Ÿ
time_0530,ğŸ• 
time_0630,ğŸ•¡
time_0730,ğŸ•¢
time_0830,ğŸ•£
time_0930,ğŸ•¤
time_1030,ğŸ•¥
time_1130,ğŸ•¦
time_1230,ğŸ•§

white_flag,ğŸ³ï¸
black_flag,ğŸ´
checard_flag,ğŸ
red_triangle_flag,ğŸš©
queer_flag,ğŸ³ï¸â€ğŸŒˆ
rainbow_flag,ğŸ³ï¸â€ğŸŒˆ
lgbt_flag,ğŸ³ï¸â€ğŸŒˆ
trans_flag,ğŸ³ï¸â€âš§ï¸
pirate_flag,ğŸ´â€â˜ ï¸
flag_af,ğŸ‡¦ğŸ‡«
flag_ax,ğŸ‡¦ğŸ‡½
flag_al,ğŸ‡¦ğŸ‡±
flag_dz,ğŸ‡©ğŸ‡¿
flag_as,ğŸ‡¦ğŸ‡¸
flag_ad,ğŸ‡¦ğŸ‡©
flag_ao,ğŸ‡¦ğŸ‡´
flag_ai,ğŸ‡¦ğŸ‡®
flag_aq,ğŸ‡¦ğŸ‡¶
flag_ag,ğŸ‡¦ğŸ‡¬
flag_ar,ğŸ‡¦ğŸ‡·
flag_am,ğŸ‡¦ğŸ‡²
flag_aw,ğŸ‡¦ğŸ‡¼
flag_au,ğŸ‡¦ğŸ‡º
flag_at,ğŸ‡¦ğŸ‡¹
flag_az,ğŸ‡¦ğŸ‡¿
flag_bs,ğŸ‡§ğŸ‡¸
flag_bh,ğŸ‡§ğŸ‡­
flag_bd,ğŸ‡§ğŸ‡©
flag_bb,ğŸ‡§ğŸ‡§
flag_by,ğŸ‡§ğŸ‡¾
flag_be,ğŸ‡§ğŸ‡ª
flag_bz,ğŸ‡§ğŸ‡¿
flag_bj,ğŸ‡§ğŸ‡¯
flag_bm,ğŸ‡§ğŸ‡²
flag_bt,ğŸ‡§ğŸ‡¹
flag_bo,ğŸ‡§ğŸ‡´
flag_ba,ğŸ‡§ğŸ‡¦
flag_bw,ğŸ‡§ğŸ‡¼
br_flag,ğŸ‡§ğŸ‡·
flag_io,ğŸ‡®ğŸ‡´
flag_vg,ğŸ‡»ğŸ‡¬
flag_bn,ğŸ‡§ğŸ‡³
flag_bg,ğŸ‡§ğŸ‡¬
flag_bf,ğŸ‡§ğŸ‡«
flag_bi,ğŸ‡§ğŸ‡®
flag_kh,ğŸ‡°ğŸ‡­
flag_cm,ğŸ‡¨ğŸ‡²
flag_ca,ğŸ‡¨ğŸ‡¦
flag_ic,ğŸ‡®ğŸ‡¨
flag_cv,ğŸ‡¨ğŸ‡»
flag_bq,ğŸ‡§ğŸ‡¶
flag_ky,ğŸ‡°ğŸ‡¾
flag_cf,ğŸ‡¨ğŸ‡«
flag_td,ğŸ‡¹ğŸ‡©
flag_cl,ğŸ‡¨ğŸ‡±
flag_cn,ğŸ‡¨ğŸ‡³
flag_cx,ğŸ‡¨ğŸ‡½
flag_cc,ğŸ‡¨ğŸ‡¨
flag_co,ğŸ‡¨ğŸ‡´
flag_km,ğŸ‡°ğŸ‡²
flag_cg,ğŸ‡¨ğŸ‡¬
flag_cd,ğŸ‡¨ğŸ‡©
flag_ck,ğŸ‡¨ğŸ‡°
flag_cr,ğŸ‡¨ğŸ‡·
flag_ie,ğŸ‡¨ğŸ‡®
flag_hr,ğŸ‡­ğŸ‡·
flag_cu,ğŸ‡¨ğŸ‡º
flag_cw,ğŸ‡¨ğŸ‡¼
flag_cy,ğŸ‡¨ğŸ‡¾
flag_cz,ğŸ‡¨ğŸ‡¿
flag_dk,ğŸ‡©ğŸ‡°
flag_dj,ğŸ‡©ğŸ‡¯
flag_dm,ğŸ‡©ğŸ‡²
flag_do,ğŸ‡©ğŸ‡´
ğŸ‡ªğŸ‡¨ ğŸ‡ªğŸ‡¬ ğŸ‡¸ğŸ‡» ğŸ‡¬ğŸ‡¶ ğŸ‡ªğŸ‡· ğŸ‡ªğŸ‡ª ğŸ‡ªğŸ‡¹
flag_eu,ğŸ‡ªğŸ‡º
ğŸ‡«ğŸ‡° ğŸ‡«ğŸ‡´ ğŸ‡«ğŸ‡¯ ğŸ‡«ğŸ‡® ğŸ‡«ğŸ‡· ğŸ‡¬ğŸ‡« ğŸ‡µğŸ‡« ğŸ‡¹ğŸ‡« ğŸ‡¬ğŸ‡¦ ğŸ‡¬ğŸ‡² ğŸ‡¬ğŸ‡ª ğŸ‡©ğŸ‡ª ğŸ‡¬ğŸ‡­ ğŸ‡¬ğŸ‡® ğŸ‡¬ğŸ‡· ğŸ‡¬ğŸ‡± ğŸ‡¬ğŸ‡© ğŸ‡¬ğŸ‡µ ğŸ‡¬ğŸ‡º ğŸ‡¬ğŸ‡¹ ğŸ‡¬ğŸ‡¬ ğŸ‡¬ğŸ‡³ ğŸ‡¬ğŸ‡¼ ğŸ‡¬ğŸ‡¾ ğŸ‡­ğŸ‡¹ ğŸ‡­ğŸ‡³ ğŸ‡­ğŸ‡° ğŸ‡­ğŸ‡º ğŸ‡®ğŸ‡¸ ğŸ‡®ğŸ‡³ ğŸ‡®ğŸ‡© ğŸ‡®ğŸ‡· ğŸ‡®ğŸ‡¶ ğŸ‡®ğŸ‡ª ğŸ‡®ğŸ‡² ğŸ‡®ğŸ‡± ğŸ‡®ğŸ‡¹ ğŸ‡¯ğŸ‡² 
flag_jp,ğŸ‡¯ğŸ‡µ
ğŸŒ ğŸ‡¯ğŸ‡ª ğŸ‡¯ğŸ‡´ ğŸ‡°ğŸ‡¿ ğŸ‡°ğŸ‡ª ğŸ‡°ğŸ‡® ğŸ‡½ğŸ‡° ğŸ‡°ğŸ‡¼ ğŸ‡°ğŸ‡¬ ğŸ‡±ğŸ‡¦ ğŸ‡±ğŸ‡» ğŸ‡±ğŸ‡§ ğŸ‡±ğŸ‡¸ ğŸ‡±ğŸ‡· ğŸ‡±ğŸ‡¾ ğŸ‡±ğŸ‡® ğŸ‡±ğŸ‡¹ ğŸ‡±ğŸ‡º ğŸ‡²ğŸ‡´ ğŸ‡²ğŸ‡° ğŸ‡²ğŸ‡¬ ğŸ‡²ğŸ‡¼ ğŸ‡²ğŸ‡¾ ğŸ‡²ğŸ‡» ğŸ‡²ğŸ‡± ğŸ‡²ğŸ‡¹ ğŸ‡²ğŸ‡­ ğŸ‡²ğŸ‡¶ ğŸ‡²ğŸ‡· ğŸ‡²ğŸ‡º ğŸ‡¾ğŸ‡¹ ğŸ‡²ğŸ‡½ ğŸ‡«ğŸ‡² ğŸ‡²ğŸ‡© ğŸ‡²ğŸ‡¨ ğŸ‡²ğŸ‡³ ğŸ‡²ğŸ‡ª ğŸ‡²ğŸ‡¸ ğŸ‡²ğŸ‡¦ ğŸ‡²ğŸ‡¿ ğŸ‡²ğŸ‡² ğŸ‡³ğŸ‡¦ ğŸ‡³ğŸ‡· ğŸ‡³ğŸ‡µ ğŸ‡³ğŸ‡± ğŸ‡³ğŸ‡¨ ğŸ‡³ğŸ‡¿ ğŸ‡³ğŸ‡® ğŸ‡³ğŸ‡ª ğŸ‡³ğŸ‡¬ ğŸ‡³ğŸ‡º ğŸ‡³ğŸ‡« ğŸ‡°ğŸ‡µ ğŸ‡²ğŸ‡µ ğŸ‡³ğŸ‡´ ğŸ‡´ğŸ‡² ğŸ‡µğŸ‡° ğŸ‡µğŸ‡¼ ğŸ‡µğŸ‡¸ ğŸ‡µğŸ‡¦ ğŸ‡µğŸ‡¬ ğŸ‡µğŸ‡¾ ğŸ‡µğŸ‡ª ğŸ‡µğŸ‡­ ğŸ‡µğŸ‡³ ğŸ‡µğŸ‡± ğŸ‡µğŸ‡¹ ğŸ‡µğŸ‡· ğŸ‡¶ğŸ‡¦ ğŸ‡·ğŸ‡ª ğŸ‡·ğŸ‡´ ğŸ‡·ğŸ‡º ğŸ‡·ğŸ‡¼ ğŸ‡¼ğŸ‡¸ ğŸ‡¸ğŸ‡² ğŸ‡¸ğŸ‡¦ ğŸ‡¸ğŸ‡³ ğŸ‡·ğŸ‡¸ ğŸ‡¸ğŸ‡¨ ğŸ‡¸ğŸ‡± ğŸ‡¸ğŸ‡¬ ğŸ‡¸ğŸ‡½ ğŸ‡¸ğŸ‡° ğŸ‡¸ğŸ‡® ğŸ‡¬ğŸ‡¸ ğŸ‡¸ğŸ‡§ ğŸ‡¸ğŸ‡´ ğŸ‡¿ğŸ‡¦ ğŸ‡°ğŸ‡· ğŸ‡¸ğŸ‡¸ ğŸ‡ªğŸ‡¸ ğŸ‡±ğŸ‡° ğŸ‡§ğŸ‡± ğŸ‡¸ğŸ‡­ ğŸ‡°ğŸ‡³ ğŸ‡±ğŸ‡¨ ğŸ‡µğŸ‡² ğŸ‡»ğŸ‡¨ ğŸ‡¸ğŸ‡© ğŸ‡¸ğŸ‡· ğŸ‡¸ğŸ‡¿ 
flag_se,ğŸ‡¸ğŸ‡ª
ğŸ‡¨ğŸ‡­ ğŸ‡¸ğŸ‡¾ ğŸ‡¹ğŸ‡¼ ğŸ‡¹ğŸ‡¯ ğŸ‡¹ğŸ‡¿ ğŸ‡¹ğŸ‡­ ğŸ‡¹ğŸ‡± ğŸ‡¹ğŸ‡¬ ğŸ‡¹ğŸ‡° ğŸ‡¹ğŸ‡´ ğŸ‡¹ğŸ‡¹ ğŸ‡¹ğŸ‡³ ğŸ‡¹ğŸ‡· ğŸ‡¹ğŸ‡² ğŸ‡¹ğŸ‡¨ ğŸ‡¹ğŸ‡» ğŸ‡»ğŸ‡® ğŸ‡ºğŸ‡¬ ğŸ‡ºğŸ‡¦ ğŸ‡¦ğŸ‡ª ğŸ‡¬ğŸ‡§ ğŸ´ó §ó ¢ó ¥ó ®ó §ó ¿ ğŸ´ó §ó ¢ó ³ó £ó ´ó ¿ ğŸ´ó §ó ¢ó ·ó ¬ó ³ó ¿ 
flag_un,ğŸ‡ºğŸ‡³
flag_us,ğŸ‡ºğŸ‡¸
ğŸ‡ºğŸ‡¾ ğŸ‡ºğŸ‡¿ ğŸ‡»ğŸ‡º ğŸ‡»ğŸ‡¦ ğŸ‡»ğŸ‡ª ğŸ‡»ğŸ‡³ ğŸ‡¼ğŸ‡« ğŸ‡ªğŸ‡­ ğŸ‡¾ğŸ‡ª ğŸ‡¿ğŸ‡² ğŸ‡¿ğŸ‡¼ 